,Date,Adj Close,daily_return
0,2017-01-03,36.99654006958008,
1,2017-01-04,37.71858215332031,0.019516475929432175
2,2017-01-05,37.787357330322266,0.0018233765183004458
3,2017-01-06,37.58964920043945,-0.005232123753839857
4,2017-01-09,37.03951644897461,-0.01463521908734422
5,2017-01-10,37.108280181884766,0.0018564965070448913
6,2017-01-11,36.97075271606445,-0.0037061126289396062
7,2017-01-12,37.0652961730957,0.0025572499904815693
8,2017-01-13,36.97075271606445,-0.0025507271435180057
9,2017-01-17,37.108280181884766,0.0037198989935780524
10,2017-01-18,37.34896087646485,0.006485902698815327
11,2017-01-19,36.79024124145508,-0.014959442562747283
12,2017-01-20,36.936370849609375,0.003971966565678331
13,2017-01-23,37.65842819213867,0.0195486813111454
14,2017-01-24,37.8045539855957,0.0038802945441980263
15,2017-01-25,37.30598831176758,-0.013187979258215465
16,2017-01-26,36.98793411254883,-0.008525553499903471
17,2017-01-27,36.61831283569336,-0.009993023014769231
18,2017-01-30,36.3260612487793,-0.007981022725579878
19,2017-01-31,36.9019889831543,0.015854395290223033
20,2017-02-01,36.38623809814453,-0.013976235406855886
21,2017-02-02,36.5323600769043,0.004015858368365377
22,2017-02-03,36.87619400024414,0.009411763231722103
23,2017-02-06,36.97935104370117,0.002797388566085468
24,2017-02-07,36.54955291748047,-0.011622651941965656
25,2017-02-08,37.07389450073242,0.014346046432791804
26,2017-02-09,37.12547302246094,0.001391235596451823
27,2017-02-10,37.73578643798828,0.0164392091424157
28,2017-02-13,37.495094299316406,-0.006378352258999742
29,2017-02-14,37.32317352294922,-0.004585153860256375
30,2017-02-15,37.03951644897461,-0.007600025592684245
31,2017-02-16,37.15127182006836,0.0030171930361915233
32,2017-02-17,37.13407897949219,-0.0004627793271638758
33,2017-02-21,38.31169891357422,0.031712646885153406
34,2017-02-22,37.916297912597656,-0.010320633440676463
35,2017-02-23,37.99365997314453,0.0020403379234228414
36,2017-02-24,37.93348693847656,-0.0015837651521464213
37,2017-02-27,38.105411529541016,0.004532264364288219
38,2017-02-28,37.82173156738281,-0.007444610903579396
39,2017-03-01,37.641231536865234,-0.004772389391955789
40,2017-03-02,37.03951644897461,-0.0159855313793682
41,2017-03-03,36.95355987548828,-0.002320672128772072
42,2017-03-06,36.69568634033203,-0.006978313754483545
43,2017-03-07,36.394832611083984,-0.00819861295024693
44,2017-03-08,35.77592468261719,-0.01700537917238032
45,2017-03-09,35.07107162475586,-0.019701882316512154
46,2017-03-10,35.397701263427734,0.009313363508439698
47,2017-03-13,35.93064880371094,0.015055992939118745
48,2017-03-14,36.043094635009766,0.0031295240983015837
49,2017-03-15,36.9513053894043,0.025197912765025476
50,2017-03-16,36.84751129150391,-0.0028089426559243513
51,2017-03-17,36.61397933959961,-0.006337794432215826
52,2017-03-20,36.37178802490234,-0.006614722547661822
53,2017-03-21,36.16420364379883,-0.005707291072998166
54,2017-03-22,35.636566162109375,-0.014590048404948819
55,2017-03-23,36.38907623291016,0.021116234021472557
56,2017-03-24,36.25934219360352,-0.0035651918855063025
57,2017-03-27,35.792259216308594,-0.012881727826196676
58,2017-03-28,35.71440887451172,-0.002175060851185462
59,2017-03-29,35.619258880615234,-0.002664190641676556
60,2017-03-30,35.956600189208984,0.009470755967281974
61,2017-03-31,36.19013977050781,0.006495040689884712
62,2017-04-03,36.15554428100586,-0.000955936885608466
63,2017-04-04,36.19879531860352,0.001196249108062375
64,2017-04-05,35.844146728515625,-0.009797248415768012
65,2017-04-06,36.34584045410156,0.013996531410993773
66,2017-04-07,36.285282135009766,-0.0016661691774130238
67,2017-04-10,37.10700607299805,0.022646205007606834
68,2017-04-11,37.53948974609375,0.011655040890254265
69,2017-04-12,38.07576370239258,0.014285595247192528
70,2017-04-13,37.920066833496094,-0.004089133184916327
71,2017-04-17,38.51689910888672,0.015739220028573975
72,2017-04-18,38.51689910888672,0.0
73,2017-04-19,38.49959945678711,-0.0004491444664510569
74,2017-04-20,38.482303619384766,-0.00044924720377303995
75,2017-04-21,38.21416091918945,-0.006967948250900413
76,2017-04-24,37.2713508605957,-0.024671745654378907
77,2017-04-25,37.608680725097656,0.009050647661353883
78,2017-04-26,37.3838005065918,-0.005979476391358429
79,2017-04-27,37.3838005065918,0.0
80,2017-04-28,37.04646682739258,-0.009023525554597844
81,2017-05-01,37.37513732910156,0.008871844735972578
82,2017-05-02,37.193504333496094,-0.004859727845442419
83,2017-05-03,35.93929672241211,-0.03372114657005998
84,2017-05-04,35.76631546020508,-0.004813151006907712
85,2017-05-05,35.956600189208984,0.005320221738121855
86,2017-05-08,35.03108215332031,-0.025739865032246012
87,2017-05-09,34.615909576416016,-0.011851548721424465
88,2017-05-10,34.719696044921875,0.0029982302870519284
89,2017-05-11,34.26992416381836,-0.012954372656995061
90,2017-05-12,34.06233215332031,-0.006057556751678517
91,2017-05-15,34.00178146362305,-0.0017776436864250789
92,2017-05-16,33.197364807128906,-0.023658073838123683
93,2017-05-17,33.534706115722656,0.010161689355575154
94,2017-05-18,33.75959014892578,0.006706008766770966
95,2017-05-19,34.04502868652344,0.008455035631015795
96,2017-05-22,34.01042175292969,-0.0010165047564624219
97,2017-05-23,33.768245697021484,-0.007120642539145905
98,2017-05-24,34.26992416381836,0.014856515535277781
99,2017-05-25,34.20071792602539,-0.0020194453148523195
100,2017-05-26,34.10557556152344,-0.002781882085274967
101,2017-05-30,33.71635055541992,-0.01141235706171817
102,2017-05-31,33.776885986328125,0.0017954324804132504
103,2017-06-01,34.29587173461914,0.015365115318833222
104,2017-06-02,34.70240020751953,0.011853568734047748
105,2017-06-05,34.24397659301758,-0.013210141424241262
106,2017-06-06,34.23532485961914,-0.00025264978718042563
107,2017-06-07,34.79754638671875,0.016422263536419734
108,2017-06-08,34.6418571472168,-0.004474144175905859
109,2017-06-09,35.04839324951172,0.01173540149903829
110,2017-06-12,35.532772064208984,0.013820285890110418
111,2017-06-13,35.680747985839844,0.004164491342343313
112,2017-06-14,35.53276824951172,-0.004147327191314831
113,2017-06-15,35.58499526977539,0.0014698269466912883
114,2017-06-16,34.871212005615234,-0.020058545989646848
115,2017-06-19,34.61005783081055,-0.007489105189766088
116,2017-06-20,34.44468307495117,-0.004778228244165295
117,2017-06-21,34.409847259521484,-0.0010113553767902017
118,2017-06-22,34.65357971191406,0.007083218084472431
119,2017-06-23,34.70581817626953,0.0015074478535765934
120,2017-06-26,34.83639144897461,0.0037622876960254903
121,2017-06-27,35.01919174194336,0.005247394617106105
122,2017-06-28,34.94955825805664,-0.001988437780056418
123,2017-06-29,34.731937408447266,-0.006226712452344296
124,2017-06-30,34.28798294067383,-0.012782312214620672
125,2017-07-03,34.89732360839844,0.01777126023361908
126,2017-07-05,34.3663330078125,-0.015215797249796825
127,2017-07-06,33.85274887084961,-0.01494439738002129
128,2017-07-07,34.174827575683594,0.009514107881245737
129,2017-07-10,33.295654296875,-0.025725756095230534
130,2017-07-11,33.40880584716797,0.0033983879482910595
131,2017-07-12,33.91368103027344,0.015112039185569026
132,2017-07-13,33.99203109741211,0.002310279060203868
133,2017-07-14,34.47949981689453,0.014340676439294375
134,2017-07-17,34.723228454589844,0.007068798532161136
135,2017-07-18,34.853797912597656,0.00376029141928913
136,2017-07-19,35.22810745239258,0.01073941900775277
137,2017-07-20,35.097530364990234,-0.003706616586735656
138,2017-07-21,34.99307632446289,-0.002976107989396737
139,2017-07-24,34.63618087768555,-0.010199030330118375
140,2017-07-25,34.89732360839844,0.007539593687742041
141,2017-07-26,34.91473388671875,0.0004989001023598671
142,2017-07-27,35.15846252441406,0.006980681522193333
143,2017-07-28,34.99307632446289,-0.004704022533304153
144,2017-07-31,35.34996795654297,0.010198921317203125
145,2017-08-01,35.645931243896484,0.008372377811412868
146,2017-08-02,35.210697174072266,-0.012209922833724351
147,2017-08-03,35.08012008666992,-0.0037084493600568758
148,2017-08-04,35.15846252441406,0.0022332431459921587
149,2017-08-07,35.149757385253906,-0.000247597264929067
150,2017-08-08,34.74933624267578,-0.011391860779844554
151,2017-08-09,34.92344284057617,0.005010357512572172
152,2017-08-10,34.86250305175781,-0.0017449536432174728
153,2017-08-11,34.6187744140625,-0.006991139945788372
154,2017-08-14,35.402198791503906,0.02263004368875543
155,2017-08-15,35.2629280090332,-0.003933958545651817
156,2017-08-16,35.41960906982422,0.004443223227262427
157,2017-08-17,35.054012298583984,-0.010321874827006638
158,2017-08-18,34.68840789794922,-0.010429744747066594
159,2017-08-21,35.19328308105469,0.014554579287431535
160,2017-08-22,34.7580451965332,-0.012367072532536216
161,2017-08-23,34.958255767822266,0.005760121725977507
162,2017-08-24,35.06270980834961,0.0029879648807733528
163,2017-08-25,35.53276824951172,0.013406221131550211
164,2017-08-28,35.1236457824707,-0.011513948594383372
165,2017-08-29,35.08881759643555,-0.0009915880102782104
166,2017-08-30,35.08881759643555,0.0
167,2017-08-31,35.35867691040039,0.007690749716007916
168,2017-09-01,35.47183609008789,0.0032003227941546086
169,2017-09-05,35.34126663208008,-0.003680933168393241
170,2017-09-06,35.34996795654297,0.0002462086193308899
171,2017-09-07,35.47183609008789,0.0034474750781878782
172,2017-09-08,35.44572067260742,-0.0007362296503102828
173,2017-09-11,35.56759262084961,0.0034382697242314464
174,2017-09-12,35.08012008666992,-0.013705525121594286
175,2017-09-13,35.491905212402344,0.011738418361027625
176,2017-09-14,35.632080078125,0.0039494883377990675
177,2017-09-15,35.55323791503906,-0.0022126736051634177
178,2017-09-18,35.4042854309082,-0.0041895617070605295
179,2017-09-19,35.12392807006836,-0.007918740836810989
180,2017-09-20,35.06260681152344,-0.0017458542342585481
181,2017-09-21,34.99250411987305,-0.0019993576640556787
182,2017-09-22,34.87861633300781,-0.0032546338060028823
183,2017-09-25,35.08012390136719,0.005777395709607669
184,2017-09-26,35.325439453125,0.006993006993007089
185,2017-09-27,34.817291259765625,-0.014384766367412372
186,2017-09-28,35.11516571044922,0.008555359705073151
187,2017-09-29,34.84356689453125,-0.007734516139194736
188,2017-10-02,35.325439453125,0.013829599020454442
189,2017-10-03,35.56199645996094,0.006696505705182654
190,2017-10-04,35.36923599243164,-0.0054204062403055975
191,2017-10-05,35.50942611694336,0.003963617550057252
192,2017-10-06,35.2816276550293,-0.006415154701848835
193,2017-10-09,35.50067138671875,0.006208436125203276
194,2017-10-10,35.77226257324219,0.007650311273409871
195,2017-10-11,36.24536895751953,0.01322550910244158
196,2017-10-12,36.140235900878906,-0.0029005928112869617
197,2017-10-13,36.12271118164063,-0.0004849088225749032
198,2017-10-16,35.61456680297852,-0.014067171650182564
199,2017-10-17,35.55323791503906,-0.00172201695667773
200,2017-10-18,35.22029495239258,-0.009364631245179722
201,2017-10-19,34.93117904663086,-0.008208787182291233
202,2017-10-20,34.23027420043945,-0.020065307422224232
203,2017-10-23,34.42302322387695,0.005630951779960425
204,2017-10-24,34.5894889831543,0.004835884349689401
205,2017-10-25,34.34417724609375,-0.007092089078853392
206,2017-10-26,34.168949127197266,-0.005102120153902212
207,2017-10-27,34.536922454833984,0.010769231628017017
208,2017-10-30,34.20399856567383,-0.009639651291904805
209,2017-10-31,33.984962463378906,-0.006403815678870384
210,2017-11-01,33.958683013916016,-0.0007732669851028273
211,2017-11-02,34.16019058227539,0.005933904099779008
212,2017-11-03,33.60823059082031,-0.016157989228007152
213,2017-11-06,33.739646911621094,0.003910242178494006
214,2017-11-07,34.15142822265625,0.012204671617156881
215,2017-11-08,34.08133316040039,-0.0020524782096625893
216,2017-11-09,34.536922454833984,0.013367707545048457
217,2017-11-10,34.45806884765625,-0.002283168318800155
218,2017-11-13,34.633296966552734,0.005085256509039793
219,2017-11-14,34.69462585449219,0.0017708070934938647
220,2017-11-15,34.528160095214844,-0.004798027221146417
221,2017-11-16,34.6771125793457,0.0043139421191313865
222,2017-11-17,34.57197189331055,-0.003031990792041306
223,2017-11-20,34.431793212890625,-0.00405469149554194
224,2017-11-21,34.431793212890625,0.0
225,2017-11-22,34.65081787109375,0.006361116798329514
226,2017-11-24,34.72966384887695,0.002275443485245443
227,2017-11-27,34.352935791015625,-0.010847443254867861
228,2017-11-28,34.79099655151367,0.01275177071220246
229,2017-11-29,34.817291259765625,0.0007557906026929295
230,2017-11-30,34.484352111816406,-0.009562465542342746
231,2017-12-01,34.361690521240234,-0.0035570217523135383
232,2017-12-04,34.642059326171875,0.008159342589920904
233,2017-12-05,33.949920654296875,-0.01997972075961696
234,2017-12-06,33.852867126464844,-0.002858726204997719
235,2017-12-07,33.93227005004883,0.002345530240831728
236,2017-12-08,33.958744049072266,0.0007802012357083221
237,2017-12-11,34.276363372802734,0.00935309395634576
238,2017-12-12,34.46163558959961,0.005405247189784523
239,2017-12-13,34.60280227661133,0.004096343211705378
240,2017-12-14,34.19696044921875,-0.01172858267802468
241,2017-12-15,34.63808822631836,0.012899619478013769
242,2017-12-18,34.76160430908203,0.003565903578645724
243,2017-12-19,33.535255432128906,-0.03527883425773648
244,2017-12-20,33.5087776184082,-0.0007895515742913917
245,2017-12-21,33.2264518737793,-0.008425426550737858
246,2017-12-22,33.29703140258789,0.0021241969824739027
247,2017-12-26,33.48230743408203,0.005564340834292469
248,2017-12-27,33.447021484375,-0.0010538685177686746
249,2017-12-28,33.88816452026367,0.013189307038737441
250,2017-12-29,33.73817825317383,-0.004425918877965729
251,2018-01-02,33.66759490966797,-0.0020920911311866908
252,2018-01-03,33.36761474609375,-0.008910056224065932
253,2018-01-04,32.75001907348633,-0.01850883490794686
254,2018-01-05,32.767669677734375,0.0005389494341496714
255,2018-01-08,32.838253021240234,0.002154054414001294
256,2018-01-09,32.25595474243164,-0.017732315980145352
257,2018-01-10,32.07067108154297,-0.005744169173356961
258,2018-01-11,32.097137451171875,0.000825251506637148
259,2018-01-12,31.797163009643555,-0.009345831602106558
260,2018-01-16,31.85010528564453,0.0016649999871032328
261,2018-01-17,32.06184005737305,0.00664785154804326
262,2018-01-18,31.576595306396484,-0.015134650728349963
263,2018-01-19,31.955978393554688,0.012014692637915658
264,2018-01-22,32.02656173706055,0.002208768031965347
265,2018-01-23,32.33535385131836,0.009641750394344895
266,2018-01-24,31.955978393554688,-0.011732528411721788
267,2018-01-25,31.929506301879883,-0.0008283924638071705
268,2018-01-26,31.400144577026367,-0.016579076414418248
269,2018-01-29,30.89725112915039,-0.016015641158668825
270,2018-01-30,30.738445281982425,-0.005139805042984502
271,2018-01-31,31.10899543762207,0.012054941368711436
272,2018-02-01,30.51787757873535,-0.019001509067433364
273,2018-02-02,30.41199493408203,-0.0034695284552520578
274,2018-02-05,29.24740219116211,-0.03829386218971087
275,2018-02-06,29.035648345947266,-0.007240090720906145
276,2018-02-07,28.9385986328125,-0.0033424331352432946
277,2018-02-08,28.268070220947266,-0.02317072849218571
278,2018-02-09,28.99153709411621,0.025593076128445524
279,2018-02-12,28.7797908782959,-0.007303725053725674
280,2018-02-13,29.09740829467773,0.011036126625275866
281,2018-02-14,28.232776641845703,-0.029715074417475895
282,2018-02-15,28.400409698486328,0.005937533483411084
283,2018-02-16,28.70038414001465,0.010562327963328899
284,2018-02-20,28.426881790161133,-0.009529571051008823
285,2018-02-21,28.126909255981445,-0.010552424862986909
286,2018-02-22,28.762142181396484,0.022584526427479767
287,2018-02-23,28.85919570922852,0.0033743497692189095
288,2018-02-26,29.062116622924805,0.007031412647144464
289,2018-02-27,28.09161376953125,-0.03339408708545344
290,2018-02-28,27.985742568969727,-0.0037687831475297084
291,2018-03-01,27.985742568969727,0.0
292,2018-03-02,28.021034240722656,0.00126105897193729
293,2018-03-05,28.32100486755371,0.010705194685323605
294,2018-03-06,28.46217155456543,0.004984522536255254
295,2018-03-07,28.515108108520508,0.0018598916057261938
296,2018-03-08,28.55039596557617,0.0012375144053939913
297,2018-03-09,28.35630226135254,-0.00679828414490824
298,2018-03-12,28.83272361755371,0.01680125115785991
299,2018-03-13,29.238571166992188,0.014075935205489554
300,2018-03-14,29.407583236694336,0.00578044900815633
301,2018-03-15,29.2652530670166,-0.004839913859365885
302,2018-03-16,29.54991149902344,0.009726839927028053
303,2018-03-19,29.54101181030273,-0.0003011748011835236
304,2018-03-20,29.256362915039062,-0.00963571921948847
305,2018-03-21,28.87386703491211,-0.013073938180139688
306,2018-03-22,28.927244186401367,0.00184863189349449
307,2018-03-23,28.268993377685547,-0.0227553929601515
308,2018-03-26,28.660385131835938,0.013845266752913199
309,2018-03-27,29.13183212280273,0.016449429719739284
310,2018-03-28,30.32378387451172,0.04091578403597884
311,2018-03-29,29.71891593933105,-0.01994698081492008
312,2018-04-02,29.896818161010746,0.0059861612059763925
313,2018-04-03,30.332683563232425,0.014578989639442819
314,2018-04-04,30.6973876953125,0.012023470700170735
315,2018-04-05,31.044301986694336,0.011301101410489345
316,2018-04-06,30.62622833251953,-0.013467001266576739
317,2018-04-09,30.26152229309082,-0.011908291006942573
318,2018-04-10,30.332683563232425,0.0023515429743550254
319,2018-04-11,30.44832229614257,0.00381234758438298
320,2018-04-12,29.86123847961425,-0.019281319043404133
321,2018-04-13,29.985774993896484,0.004170507340720331
322,2018-04-16,30.24372673034668,0.008602470221386715
323,2018-04-17,30.332683563232425,0.002941331724059193
324,2018-04-18,30.18146324157715,-0.004985392121341303
325,2018-04-19,29.59438133239746,-0.019451737792849588
326,2018-04-20,29.17630958557129,-0.014126727034111108
327,2018-04-23,28.864973068237305,-0.01067086693815289
328,2018-04-24,29.13183212280273,0.009245082402625782
329,2018-04-25,29.14961624145508,0.0006104703122475907
330,2018-04-26,29.50542640686035,0.012206341327377634
331,2018-04-27,30.297101974487305,0.026831524368103432
332,2018-04-30,29.86123847961425,-0.01438630979425315
333,2018-05-01,30.208152770996094,0.011617545321125133
334,2018-05-02,29.38089370727539,-0.027385291314965254
335,2018-05-03,30.16367149353028,0.02664240897686021
336,2018-05-04,30.38605308532715,0.007372497470825579
337,2018-05-07,31.070985794067383,0.022541022580881975
338,2018-05-08,31.08877944946289,0.0005726775298808828
339,2018-05-09,31.21331024169922,0.004005650734496102
340,2018-05-10,31.355636596679688,0.004559796890440948
341,2018-05-11,31.355636596679688,0.0
342,2018-05-14,31.337841033935547,-0.0005675395136459649
343,2018-05-15,30.6973876953125,-0.020437060036442967
344,2018-05-16,30.732969284057617,0.0011591080354551586
345,2018-05-17,30.74186515808105,0.0002894570303706434
346,2018-05-18,30.314897537231445,-0.013888800131483525
347,2018-05-21,30.804128646850582,0.016138306554336346
348,2018-05-22,31.062095642089844,0.008374429226571722
349,2018-05-23,31.551326751708984,0.015750099904921377
350,2018-05-24,31.373432159423828,-0.005638260276186968
351,2018-05-25,31.551326751708984,0.0056702305116376195
352,2018-05-29,31.7914981842041,0.007612086629038783
353,2018-05-30,32.2718391418457,0.015109101019978421
354,2018-05-31,32.334102630615234,0.0019293442959933405
355,2018-06-01,32.43194961547852,0.0030261234084982824
356,2018-06-04,32.58316802978516,0.004662637186463536
357,2018-06-05,32.9478759765625,0.011193139551192388
358,2018-06-06,33.2236213684082,0.008369140154644628
359,2018-06-07,33.07241439819336,-0.004551188702102915
360,2018-06-08,33.11688232421875,0.0013445624347225849
361,2018-06-11,33.18805694580078,0.0021491945070559737
362,2018-06-12,33.428226470947266,0.007236625076867398
363,2018-06-13,33.0877571105957,-0.010185085967616803
364,2018-06-14,33.43717956542969,0.010560475696978822
365,2018-06-15,33.54468536376953,0.0032151574904659697
366,2018-06-18,33.661163330078125,0.003472322516830051
367,2018-06-19,33.15046691894531,-0.0151716803761347
368,2018-06-20,33.777645111083984,0.0189191360010752
369,2018-06-21,34.08226776123047,0.009018469142673347
370,2018-06-22,34.386898040771484,0.008938087150630825
371,2018-06-25,34.754249572753906,0.010682892407069211
372,2018-06-26,34.41376495361328,-0.009796920472354365
373,2018-06-27,34.270416259765625,-0.004165446414853946
374,2018-06-28,34.315216064453125,0.0013072442525332573
375,2018-06-29,34.30625534057617,-0.00026112975247261083
376,2018-07-02,34.2435417175293,-0.001828052127062052
377,2018-07-03,34.49441146850586,0.007326045683181848
378,2018-07-05,34.81694793701172,0.00935039778256086
379,2018-07-06,34.88862609863281,0.002058714673979223
380,2018-07-09,34.48544692993164,-0.01155617786614338
381,2018-07-10,34.12706756591797,-0.01039219137109737
382,2018-07-11,34.10914993286133,-0.0005250270338063023
383,2018-07-12,34.48544692993164,0.01103214233749572
384,2018-07-13,34.19873809814453,-0.008313907961513434
385,2018-07-16,33.96578598022461,-0.006811716773039711
386,2018-07-17,33.56260681152344,-0.011870155718931685
387,2018-07-18,33.41926956176758,-0.004270742453373555
388,2018-07-19,34.23457336425781,0.02439621850451701
389,2018-07-20,33.661163330078125,-0.016749442970373063
390,2018-07-23,33.61636734008789,-0.0013307914985281055
391,2018-07-24,33.49989700317383,-0.003464691343230575
392,2018-07-25,33.553653717041016,0.0016046829595355305
393,2018-07-26,33.759735107421875,0.006141846492150993
394,2018-07-27,32.94440841674805,-0.024150861613087216
395,2018-07-30,33.58949661254883,0.019581113360434
396,2018-07-31,34.43168640136719,0.02507301012971186
397,2018-08-01,34.23457336425781,-0.005724756981451473
398,2018-08-02,34.1539421081543,-0.0023552580967081127
399,2018-08-03,34.82591247558594,0.01967475277974451
400,2018-08-06,34.71839904785156,-0.003087167574137406
401,2018-08-07,34.6019287109375,-0.003354715082153792
402,2018-08-08,34.6019287109375,0.0
403,2018-08-09,34.77215576171875,0.004919582726249594
404,2018-08-10,34.575042724609375,-0.005668703386126572
405,2018-08-13,34.32417678833008,-0.0072556941802631725
406,2018-08-14,34.59296798706055,0.00783095834717451
407,2018-08-15,34.91551971435547,0.009324199282801482
408,2018-08-16,34.987186431884766,0.0020525748468189775
409,2018-08-17,35.30077362060547,0.008962915304184804
410,2018-08-20,35.515804290771484,0.006091386904917506
411,2018-08-21,35.49787521362305,-0.0005048196853899567
412,2018-08-22,35.30973434448242,-0.0053000600179140545
413,2018-08-23,35.20221710205078,-0.003044974549587409
414,2018-08-24,35.31869125366211,0.003308716359360808
415,2018-08-27,34.933433532714844,-0.010908040679659115
416,2018-08-28,35.354530334472656,0.012054263184964498
417,2018-08-29,35.211177825927734,-0.004054713983999481
418,2018-08-30,35.076778411865234,-0.0038169530916268846
419,2018-08-31,35.39036560058594,0.008940022514001056
420,2018-09-04,34.79007339477539,-0.016962023297114714
421,2018-09-05,35.005104064941406,0.006180805304029757
422,2018-09-06,34.92447662353516,-0.002303305291041613
423,2018-09-07,34.44961166381836,-0.013596909835917104
424,2018-09-10,34.81694793701172,0.01066300185842639
425,2018-09-11,34.86175537109375,0.0012869431910889073
426,2018-09-12,34.98806381225586,0.003623123386002458
427,2018-09-13,35.240684509277344,0.007220196532652823
428,2018-09-14,34.536956787109375,-0.01996918425301042
429,2018-09-17,34.726417541503906,0.005485739683504631
430,2018-09-18,34.536956787109375,-0.005455810527190019
431,2018-09-19,33.508419036865234,-0.02978078689978947
432,2018-09-20,33.93246841430664,0.012655009983457477
433,2018-09-21,33.9144172668457,-0.0005319727182985234
434,2018-09-24,33.237762451171875,-0.019951833768800054
435,2018-09-25,33.58962631225586,0.010586268001671062
436,2018-09-26,33.15656280517578,-0.01289277537815492
437,2018-09-27,33.24677658081055,0.002720842210480301
438,2018-09-28,33.643760681152344,0.011940529012696155
439,2018-10-01,33.34602737426758,-0.008849584614111228
440,2018-10-02,33.18362808227539,-0.004870124113120267
441,2018-10-03,32.87687301635742,-0.00924416899675351
442,2018-10-04,32.79567337036133,-0.0024698104943159382
443,2018-10-05,33.03926467895508,0.007427544049572576
444,2018-10-08,33.78811264038086,0.022665394302881392
445,2018-10-09,33.761043548583984,-0.0008011424634747355
446,2018-10-10,33.337005615234375,-0.012559977085406016
447,2018-10-11,32.389678955078125,-0.02841666918408947
448,2018-10-12,31.992694854736328,-0.012256500007066462
449,2018-10-15,32.3986930847168,0.012690341711566244
450,2018-10-16,33.282867431640625,0.027290432506393625
451,2018-10-17,33.030250549316406,-0.007589997551835537
452,2018-10-18,33.00318145751953,-0.0008195242647783818
453,2018-10-19,33.192649841308594,0.005740912706641232
454,2018-10-22,32.75958251953125,-0.013047084937412468
455,2018-10-23,32.91295623779297,0.004681797094644891
456,2018-10-24,33.04829025268555,0.00411187660916279
457,2018-10-25,34.00464630126953,0.028938139954343578
458,2018-10-26,33.3099365234375,-0.02042984866471309
459,2018-10-29,34.14900207519531,0.0251896472743931
460,2018-10-30,34.46478271484375,0.009247141071738962
461,2018-10-31,34.609130859375,0.004188279546851081
462,2018-11-01,34.726417541503906,0.003388894179558344
463,2018-11-02,34.230194091796875,-0.01428950881886859
464,2018-11-05,34.708377838134766,0.013969647529766371
465,2018-11-06,34.58206558227539,-0.0036392440017923855
466,2018-11-07,35.05121612548828,0.013566296151301893
467,2018-11-08,35.22263717651367,0.004890587830438831
468,2018-11-09,35.52939987182617,0.00870924836704301
469,2018-11-12,35.394065856933594,-0.003809071230609029
470,2018-11-13,35.520362854003906,0.003568309941582193
471,2018-11-14,35.44819641113281,-0.0020316921639487173
472,2018-11-15,34.97002029418945,-0.013489434311337312
473,2018-11-16,35.37601852416992,0.011609894033945745
474,2018-11-19,36.007568359375,0.01785248486269264
475,2018-11-20,35.68277359008789,-0.009020180592187788
476,2018-11-21,35.68277359008789,0.0
477,2018-11-23,35.56549072265625,-0.003286820379462263
478,2018-11-26,35.75495529174805,0.005327202443775159
479,2018-11-27,36.19704055786133,0.012364307618510928
480,2018-11-28,36.891746520996094,0.019192341485052333
481,2018-11-29,36.77445983886719,-0.0031792119698684784
482,2018-11-30,37.55036544799805,0.02109903483370279
483,2018-12-03,37.81201171875,0.006967875482178698
484,2018-12-04,37.4150390625,-0.010498585983806596
485,2018-12-06,38.6240119934082,0.032312486133949214
486,2018-12-07,38.07364654541016,-0.014249308127078253
487,2018-12-10,37.60449600219727,-0.01232218570536281
488,2018-12-11,37.8210334777832,0.005758286870093388
489,2018-12-12,37.36688995361328,-0.012007697368626724
490,2018-12-13,38.07535171508789,0.018959612704029682
491,2018-12-14,37.88462066650391,-0.005009304970081119
492,2018-12-17,36.89457702636719,-0.026133127974330872
493,2018-12-18,37.3305549621582,0.011816856864341752
494,2018-12-19,36.76742172241211,-0.015085048703855075
495,2018-12-20,36.65842819213867,-0.002964405040318585
496,2018-12-21,36.52218627929688,-0.0037165235816358777
497,2018-12-24,35.02351379394531,-0.0410345775548796
498,2018-12-26,36.28603363037109,0.03604777761173783
499,2018-12-27,36.29511260986328,0.00025020589422020123
500,2018-12-28,36.3950309753418,0.0027529427047807697
501,2018-12-31,36.4858512878418,0.0024954041820031136
502,2019-01-02,35.695640563964844,-0.021658004294401012
503,2019-01-03,35.70472717285156,0.00025455794441997526
504,2019-01-04,35.99538040161133,0.008140469113590232
505,2019-01-07,36.55851364135742,0.015644597541769167
506,2019-01-08,37.31239700317383,0.020621280427647548
507,2019-01-09,37.02174377441406,-0.007789722775919272
508,2019-01-10,37.176151275634766,0.0041707247006397274
509,2019-01-11,37.16706085205078,-0.0002445229877774402
510,2019-01-14,36.79467010498047,-0.010019375719610202
511,2019-01-15,36.84917068481445,0.0014812085467401648
512,2019-01-16,37.14890670776367,0.008134132122347593
513,2019-01-17,37.3305549621582,0.004889733520921258
514,2019-01-18,36.99449157714844,-0.009002367774881281
515,2019-01-22,36.75833511352539,-0.006383557485323599
516,2019-01-23,36.90367126464844,0.003953828449362318
517,2019-01-24,37.07623291015625,0.004676002131883239
518,2019-01-25,37.55762481689453,0.012983840831532145
519,2019-01-28,37.911865234375,0.009431917465694495
520,2019-01-29,38.3569221496582,0.011739251353944713
521,2019-01-30,38.61124038696289,0.006630308769624671
522,2019-01-31,39.00180435180664,0.010115291840653295
523,2019-02-01,38.692989349365234,-0.007917967067774923
524,2019-02-04,39.10171890258789,0.0105634007631763
525,2019-02-05,39.23795318603516,0.003484099606635427
526,2019-02-06,39.110801696777344,-0.0032405229868889274
527,2019-02-07,39.873756408691406,0.019507519120400163
528,2019-02-08,39.955509185791016,0.0020502903278456497
529,2019-02-11,40.1644172668457,0.005228517551441492
530,2019-02-12,39.58310317993164,-0.014473360413818748
531,2019-02-13,39.93734359741211,0.00894928363423686
532,2019-02-14,39.7193603515625,-0.005458130817286855
533,2019-02-15,40.01000595092773,0.00731747935497129
534,2019-02-19,39.86467742919922,-0.0036323044267164706
535,2019-02-20,39.60126876831055,-0.0066075703574045574
536,2019-02-21,39.56494903564453,-0.0009171355816528504
537,2019-02-22,39.764766693115234,0.005050370652333935
538,2019-02-25,39.4105339050293,-0.008908207379153765
539,2019-02-26,39.683013916015625,0.006913887836255794
540,2019-02-27,39.34695053100586,-0.008468696095538575
541,2019-02-28,39.45595550537109,0.0027703538112648918
542,2019-03-01,39.80110168457031,0.008747632005825956
543,2019-03-04,39.9464225769043,0.003651177635374925
544,2019-03-05,40.13715744018555,0.00477476707492519
545,2019-03-06,40.663970947265625,0.013125331754376468
546,2019-03-07,40.64579772949219,-0.0004469120292507345
547,2019-03-08,41.14536285400391,0.01229069553109663
548,2019-03-11,41.39059829711914,0.005960220693286722
549,2019-03-12,41.59041976928711,0.004827701951384267
550,2019-03-13,42.221004486083984,0.015161778128109704
551,2019-03-14,42.14788055419922,-0.0017319325481436332
552,2019-03-15,41.754920959472656,-0.009323353619673513
553,2019-03-18,41.73664093017578,-0.00043779341157457186
554,2019-03-19,41.234012603759766,-0.012042855275701259
555,2019-03-20,41.09693908691406,-0.003324282750818308
556,2019-03-21,41.79147720336914,0.016899996249994054
557,2019-03-22,41.22487258911133,-0.01355789869548174
558,2019-03-25,41.41678237915039,0.004655194254978845
559,2019-03-26,41.88286590576172,0.011253494352713389
560,2019-03-27,41.78234100341797,-0.0024001438337561964
561,2019-03-28,42.29409790039063,0.01224816237392723
562,2019-03-29,41.910282135009766,-0.009074924976170795
563,2019-04-01,42.2392692565918,0.007849794962540013
564,2019-04-02,42.40377426147461,0.003894598741362998
565,2019-04-03,42.385498046875,-0.00043100443104227004
566,2019-04-04,42.41291046142578,0.0006467404139138822
567,2019-04-05,42.74190521240234,0.007756948235744687
568,2019-04-08,42.0382194519043,-0.016463603037841446
569,2019-04-09,41.59042739868164,-0.010652022351588242
570,2019-04-10,42.11133575439453,0.012524717544244446
571,2019-04-11,41.92855453491211,-0.004340427968099969
572,2019-04-12,41.80975341796875,-0.002833417900071855
573,2019-04-15,41.87372589111328,0.0015300849183443876
574,2019-04-16,40.502906799316406,-0.032736974382492234
575,2019-04-17,40.2835807800293,-0.005415068611589358
576,2019-04-18,40.90501022338867,0.015426370529291411
577,2019-04-22,39.92716217041016,-0.02390533696577335
578,2019-04-23,41.22487258911133,0.03250194474534651
579,2019-04-24,41.99251937866211,0.018620962087667836
580,2019-04-25,42.11133575439453,0.0028294652831142297
581,2019-04-26,42.51343536376953,0.009548488599843141
582,2019-04-29,42.23013305664063,-0.006663830027020867
583,2019-04-30,42.21185302734375,-0.0004328669595324852
584,2019-05-01,42.2392692565918,0.0006494912514332096
585,2019-05-02,42.14788055419922,-0.0021635957250447646
586,2019-05-03,42.2392692565918,0.0021682870215753436
587,2019-05-06,42.20271682739258,-0.0008653660407137442
588,2019-05-07,41.17918014526367,-0.024252862352799
589,2019-05-08,41.40764999389648,0.0055481883764285644
590,2019-05-09,41.40764999389648,0.0
591,2019-05-10,41.855445861816406,0.010814327014113001
592,2019-05-13,41.54473114013672,-0.0074235195750989025
593,2019-05-14,41.97425842285156,0.01033891111886076
594,2019-05-15,42.029083251953125,0.0013061536084628678
595,2019-05-16,42.43119430541992,0.009567447642296889
596,2019-05-17,42.193580627441406,-0.005599976193650602
597,2019-05-20,41.53559112548828,-0.015594540500437848
598,2019-05-21,42.01080703735352,0.011441173677521732
599,2019-05-22,41.9011344909668,-0.00261057937518816
600,2019-05-23,41.76406097412109,-0.0032713557403859506
601,2019-05-24,42.01080703735352,0.005908095560566595
602,2019-05-28,41.89200210571289,-0.0028279611847256136
603,2019-05-29,40.8319091796875,-0.025305377464421186
604,2019-05-30,41.27970123291016,0.010966718486076221
605,2019-05-31,41.48075485229492,0.0048705202164707195
606,2019-06-03,41.74577331542969,0.006388949865508531
607,2019-06-04,41.22487258911133,-0.01247792734326536
608,2019-06-05,42.39462661743164,0.028374958001186945
609,2019-06-06,42.39462661743164,0.0
610,2019-06-07,42.59568786621094,0.00474261161900702
611,2019-06-10,42.50428771972656,-0.0021457605467355423
612,2019-06-11,41.44419860839844,-0.02494075699652598
613,2019-06-12,41.48098373413086,0.0008875820251708078
614,2019-06-13,42.46490478515625,0.023719809957539972
615,2019-06-14,43.44882583618164,0.02317021681794329
616,2019-06-17,43.54997634887695,0.0023280378870693674
617,2019-06-18,43.182159423828125,-0.008445858204428447
618,2019-06-19,43.85342788696289,0.015545041565576678
619,2019-06-20,44.16607666015625,0.007129403293153036
620,2019-06-21,43.66951751708984,-0.011242998713407948
621,2019-06-24,43.4580192565918,-0.004843155421061618
622,2019-06-25,42.74996948242188,-0.01629273000201259
623,2019-06-26,42.005126953125,-0.017423229497348536
624,2019-06-27,42.529273986816406,0.012478168064491646
625,2019-06-28,43.32928085327149,0.018810734147568065
626,2019-07-01,43.10859298706055,-0.00509327322921127
627,2019-07-02,43.54997634887695,0.010238871910036362
628,2019-07-03,43.99135971069336,0.010135099920158375
629,2019-07-05,43.789058685302734,-0.004598653615642823
630,2019-07-08,43.91779708862305,0.0029399673613792476
631,2019-07-09,44.02814483642578,0.0025125975143984736
632,2019-07-10,44.34079360961914,0.0071011116719752465
633,2019-07-11,43.77986907958984,-0.012650304254085754
634,2019-07-12,43.63273620605469,-0.0033607426570341215
635,2019-07-15,43.23733139038086,-0.009062113680117112
636,2019-07-16,43.126983642578125,-0.0025521405751531834
637,2019-07-17,42.70398712158203,-0.009808163828515015
638,2019-07-18,42.759159088134766,0.0012919628885157408
639,2019-07-19,42.13386154174805,-0.014623710094435194
640,2019-07-22,42.13386154174805,0.0
641,2019-07-23,42.99824905395508,0.020515269205756415
642,2019-07-24,43.35687255859375,0.008340421122466246
643,2019-07-25,42.88790130615234,-0.010816537835094842
644,2019-07-26,43.16376495361328,0.006432202067704562
645,2019-07-29,43.21894073486328,0.0012782893547236274
646,2019-07-30,43.16376495361328,-0.0012766574171377831
647,2019-07-31,42.66720581054688,-0.011504073928676917
648,2019-08-01,42.99824905395508,0.007758727976659996
649,2019-08-02,43.0626106262207,0.0014968417012717339
650,2019-08-05,41.91317367553711,-0.02669222636455082
651,2019-08-06,42.37294769287109,0.01096967795598669
652,2019-08-07,42.814334869384766,0.010416721057806777
653,2019-08-08,43.761474609375,0.022122023917449773
654,2019-08-09,43.44882583618164,-0.007144383866954485
655,2019-08-12,42.989051818847656,-0.010581966451003844
656,2019-08-13,43.126983642578125,0.0032085337520748602
657,2019-08-14,42.69478988647461,-0.010021423238995575
658,2019-08-15,42.70398712158203,0.0002154182075113642
659,2019-08-16,43.27411651611328,0.013350729825485352
660,2019-08-19,43.476409912109375,0.004674697308280518
661,2019-08-20,43.126983642578125,-0.008037146356786096
662,2019-08-21,43.14537048339844,0.0004263419156020909
663,2019-08-22,43.42124557495117,0.006394083269232409
664,2019-08-23,42.63961791992188,-0.018001041763762604
665,2019-08-26,42.70398712158203,0.0015096101888398827
666,2019-08-27,42.46490478515625,-0.005598595179065913
667,2019-08-28,42.66720581054688,0.004763958059346596
668,2019-08-29,43.016639709472656,0.008189753518834886
669,2019-08-30,43.09020233154297,0.0017100968966228258
670,2019-09-03,43.36606979370117,0.0064020925229275605
671,2019-09-04,43.71549224853516,0.008057508012514036
672,2019-09-05,43.706302642822266,-0.00021021393652964626
673,2019-09-06,43.92699432373047,0.005049424626734966
674,2019-09-09,44.101707458496094,0.00397735236510921
675,2019-09-10,43.614349365234375,-0.011050776066218515
676,2019-09-11,43.299842834472656,-0.007211079274116572
677,2019-09-12,43.60509490966797,0.007049727093981328
678,2019-09-13,43.364593505859375,-0.005515442732249909
679,2019-09-16,43.25358963012695,-0.002559781304474207
680,2019-09-17,43.891849517822266,0.014756229324623504
681,2019-09-18,43.48484802246094,-0.009272826272587742
682,2019-09-19,43.780853271484375,0.006807089422746548
683,2019-09-20,43.3553352355957,-0.009719272332360473
684,2019-09-23,43.29059219360352,-0.0014933119912546866
685,2019-09-24,42.82808303833008,-0.010683826019404319
686,2019-09-25,43.00384140014648,0.0041038110825342144
687,2019-09-26,43.29059219360352,0.00666802741617567
688,2019-09-27,43.32759094238281,0.0008546602599897035
689,2019-09-30,43.23509216308594,-0.0021348701205169407
690,2019-10-01,42.7725830078125,-0.01069754063501982
691,2019-10-02,42.5690803527832,-0.004757782689722712
692,2019-10-03,42.58757400512695,0.00043443861578618126
693,2019-10-04,43.01308441162109,0.009991421592667082
694,2019-10-07,43.133338928222656,0.002795765945329043
695,2019-10-08,42.99458694458008,-0.003216815277701346
696,2019-10-09,42.939083099365234,-0.0012909496092238237
697,2019-10-10,42.84658432006836,-0.002154186177725892
698,2019-10-11,43.262840270996094,0.00971503230731896
699,2019-10-14,43.53110122680664,0.006200724550911918
700,2019-10-15,44.03059387207031,0.011474385696360168
701,2019-10-16,43.95660018920898,-0.0016805061289049128
702,2019-10-17,44.09534454345703,0.0031563941171708354
703,2019-10-18,43.66059494018555,-0.009859308454728821
704,2019-10-21,44.11384963989258,0.01038132211271936
705,2019-10-22,43.93809509277344,-0.0039841126665174365
706,2019-10-23,44.21559524536133,0.006315707406112203
707,2019-10-24,44.27109909057617,0.001255300192315456
708,2019-10-25,44.11384963989258,-0.0035519662695039367
709,2019-10-28,43.49409103393555,-0.01404907100641195
710,2019-10-29,43.66059494018555,0.003828196021387953
711,2019-10-30,44.98336410522461,0.030296636288425383
712,2019-10-31,45.28861618041992,0.00678588810034908
713,2019-11-01,45.26087188720703,-0.0006126107519461854
714,2019-11-04,44.77986145019531,-0.010627511511718701
715,2019-11-05,44.224853515625,-0.012394141397413683
716,2019-11-06,43.91960144042969,-0.0069022744210439635
717,2019-11-07,43.4385986328125,-0.010951893729491013
718,2019-11-08,43.25358963012695,-0.004259092339728321
719,2019-11-11,43.392337799072266,0.0032077839118507256
720,2019-11-12,42.79108428955078,-0.013856213792987626
721,2019-11-13,43.19808578491211,0.009511362054004158
722,2019-11-14,43.364593505859375,0.0038545161879701695
723,2019-11-15,43.68834686279297,0.007465845538015881
724,2019-11-18,43.4385986328125,-0.005716586868457774
725,2019-11-19,43.49409103393555,0.0012774905929200386
726,2019-11-20,43.262840270996094,-0.0053168317222452854
727,2019-11-21,42.6523323059082,-0.014111601579177457
728,2019-11-22,42.57832717895508,-0.001735078082538366
729,2019-11-25,42.82808303833008,0.005865797834783137
730,2019-11-26,43.25358963012695,0.009935223844038443
731,2019-11-27,43.47559356689453,0.005132613007752473
732,2019-11-29,43.965850830078125,0.011276608850187442
733,2019-12-02,43.272090911865234,-0.015779517628219608
734,2019-12-03,43.540340423583984,0.006199134501383652
735,2019-12-04,43.94734573364258,0.009347775100034372
736,2019-12-05,43.94734573364258,0.0
737,2019-12-06,43.84559631347656,-0.0023152574624802913
738,2019-12-09,44.08610153198242,0.005485276486750346
739,2019-12-10,43.80859756469727,-0.006294590758582519
740,2019-12-11,43.147647857666016,-0.01508721446869321
741,2019-12-12,41.7978401184082,-0.03128346054251929
742,2019-12-13,41.61165618896485,-0.004454391157914239
743,2019-12-16,41.78852462768555,0.004250454197677334
744,2019-12-17,41.29513931274414,-0.011806717737398387
745,2019-12-18,41.61165618896485,0.007664748962913137
746,2019-12-19,41.78852462768555,0.004250454197677334
747,2019-12-20,41.84437942504883,0.0013366061104314042
748,2019-12-23,41.70474243164063,-0.003337054948044149
749,2019-12-24,41.63957977294922,-0.0015624759893487772
750,2019-12-26,41.8350715637207,0.00469485503546041
751,2019-12-27,42.12364959716797,0.00689799306325356
752,2019-12-30,42.35638427734375,0.005525035992879124
753,2019-12-31,42.72874450683594,0.008791124073623147
754,2020-01-02,41.87231063842773,-0.02004350650347786
755,2020-01-03,42.71012115478516,0.02000870034596436
756,2020-01-06,43.02663803100586,0.007410816632282824
757,2020-01-07,42.20743560791016,-0.019039424425988383
758,2020-01-08,42.33776092529297,0.0030877336067860472
759,2020-01-09,42.26329040527344,-0.0017589621744744655
760,2020-01-10,42.412235260009766,0.0035242134085646803
761,2020-01-13,42.90562057495117,0.011633089176193767
762,2020-01-14,42.59841537475586,-0.007160022301942015
763,2020-01-15,43.04525375366211,0.010489554012167446
764,2020-01-16,43.19419479370117,0.0034601036595443
765,2020-01-17,43.59449005126953,0.009267339268163255
766,2020-01-21,44.26474380493164,0.015374735496936687
767,2020-01-22,44.32990646362305,0.0014721119584146791
768,2020-01-23,44.59986877441406,0.006089846163166213
769,2020-01-24,44.44161605834961,-0.0035482776163511254
770,2020-01-27,44.32060241699219,-0.002722980217428117
771,2020-01-28,44.06925201416016,-0.0056711865165365305
772,2020-01-29,43.8737678527832,-0.004435840238771194
773,2020-01-30,43.40830612182617,-0.010609112317840341
774,2020-01-31,42.412235260009766,-0.022946549884276024
775,2020-02-03,42.97078323364258,0.013169500975570125
776,2020-02-04,43.17558288574219,0.004766020926033843
777,2020-02-05,43.32452774047852,0.0034497473984427263
778,2020-02-06,43.52001953125,0.004512265937265614
779,2020-02-07,42.886993408203125,-0.014545630490637174
780,2020-02-10,42.96147155761719,0.0017366139124086466
781,2020-02-11,42.87769317626953,-0.001950081743249843
782,2020-02-12,42.98939895629883,0.002605218978783963
783,2020-02-13,42.82183837890625,-0.0038977185413294757
784,2020-02-14,43.44553756713867,0.014564979268607336
785,2020-02-18,42.85906600952149,-0.013499005662224284
786,2020-02-19,42.374996185302734,-0.011294455742717702
787,2020-02-20,42.25397872924805,-0.0028558694265242712
788,2020-02-21,42.35638427734375,0.00242357172449692
789,2020-02-24,42.15157699584961,-0.004835334389099222
790,2020-02-25,41.015872955322266,-0.02694333454331188
791,2020-02-26,40.54110336303711,-0.01157526484447402
792,2020-02-27,38.93063354492188,-0.0397243706885283
793,2020-02-28,38.5861930847168,-0.008847543151529691
794,2020-03-02,39.94532012939453,0.035223144239540316
795,2020-03-03,39.05165481567383,-0.022372215589357203
796,2020-03-04,40.08496475219727,0.02646008066497396
797,2020-03-05,39.33092498779297,-0.01881103723218247
798,2020-03-06,38.42794036865234,-0.022958641817371173
799,2020-03-09,34.73222732543945,-0.0961725506951101
800,2020-03-10,36.09136199951172,0.03913180290274032
801,2020-03-11,33.436336517333984,-0.07356401463080431
802,2020-03-12,28.539100646972656,-0.14646448685616364
803,2020-03-13,31.58814811706543,0.10683754571699189
804,2020-03-16,23.060192108154297,-0.2699732816658512
805,2020-03-17,22.863176345825195,-0.008543543844087731
806,2020-03-18,20.423938751220703,-0.1066884827247504
807,2020-03-19,21.13694953918457,0.03491054280219341
808,2020-03-20,21.071271896362305,-0.0031072432046312937
809,2020-03-23,20.68662452697754,-0.018254587159077462
810,2020-03-24,22.394092559814453,0.08253971210287081
811,2020-03-25,21.46530532836914,-0.04147465359288516
812,2020-03-26,22.91946601867676,0.06774470095171492
813,2020-03-27,23.16339111328125,0.010642704084192767
814,2020-03-30,23.14462661743164,-0.0008100927777734412
815,2020-03-31,23.4542236328125,0.013376626052272744
816,2020-04-01,21.202617645263672,-0.09600002211963343
817,2020-04-02,21.296436309814453,0.004424862350509873
818,2020-04-03,20.1518669128418,-0.0537446444241555
819,2020-04-06,22.187694549560547,0.10102426963833366
820,2020-04-07,23.15401077270508,0.0435518985979404
821,2020-04-08,25.096019744873047,0.08387354533225344
822,2020-04-09,27.76041984558105,0.10616823415802124
823,2020-04-13,26.55017852783203,-0.0435959299059977
824,2020-04-14,27.55402183532715,0.03780928653428095
825,2020-04-15,25.189838409423828,-0.08580175482303598
826,2020-04-16,24.00774002075196,-0.04692758919126816
827,2020-04-17,24.626934051513672,0.025791433522126095
828,2020-04-20,23.970212936401367,-0.026666783357546686
829,2020-04-21,23.885778427124023,-0.003522476396074059
830,2020-04-22,24.533117294311523,0.027101434820830494
831,2020-04-23,24.51435661315918,-0.0007647084113804326
832,2020-04-24,24.373628616333008,-0.0057406359484315495
833,2020-04-27,25.88408470153809,0.06197091573771285
834,2020-04-28,27.22566032409668,0.05183013570029282
835,2020-04-29,27.60093307495117,0.013783788763512383
836,2020-04-30,26.56894302368164,-0.03738967985129804
837,2020-05-01,25.68706512451172,-0.033192058050027784
838,2020-05-04,25.63077163696289,-0.0021915110689352257
839,2020-05-05,25.41499710083008,-0.008418573548586994
840,2020-05-06,25.114784240722656,-0.011812429445353767
841,2020-05-07,25.08663558959961,-0.0011208000376687899
842,2020-05-08,26.0998592376709,0.04038898099557642
843,2020-05-11,24.44868278503418,-0.06326380681216526
844,2020-05-12,23.48237037658692,-0.03952410921044669
845,2020-05-13,22.431617736816406,-0.044746446926761996
846,2020-05-14,23.060192108154297,0.028021802917327143
847,2020-05-15,22.87256050109864,-0.00813660207927358
848,2020-05-18,24.392391204833984,0.06644777280892278
849,2020-05-19,23.54804039001465,-0.034615335894252364
850,2020-05-20,24.21413803100586,0.028286754649599732
851,2020-05-21,24.32672119140625,0.004649480409181894
852,2020-05-22,23.613712310791016,-0.029309699198884043
853,2020-05-26,25.3305606842041,0.0727055683078055
854,2020-05-27,26.35316467285156,0.04037036532259397
855,2020-05-28,25.48066711425781,-0.03310788550160648
856,2020-05-29,24.5518798828125,-0.036450663841748554
857,2020-06-01,24.945911407470703,0.016048935011858
858,2020-06-02,25.31179618835449,0.014667124199527537
859,2020-06-03,27.60093307495117,0.09043755210267812
860,2020-06-04,29.18643379211425,0.05744373615404985
861,2020-06-05,30.80008888244629,0.055287847149315894
862,2020-06-08,32.695186614990234,0.06152896960060428
863,2020-06-09,31.23164176940918,-0.04476331219073215
864,2020-06-10,29.15519523620605,-0.06648534676896078
865,2020-06-11,26.663461685180664,-0.0854644783146935
866,2020-06-12,28.267986297607425,0.06017690543604637
867,2020-06-15,28.419002532958984,0.005342306090064142
868,2020-06-16,29.44778823852539,0.036200626829645755
869,2020-06-17,28.19248008728028,-0.04262826603740788
870,2020-06-18,28.060346603393555,-0.0046868343429757875
871,2020-06-19,26.691774368286133,-0.048772463663792065
872,2020-06-22,26.74840545654297,0.002121668176699565
873,2020-06-23,26.852230072021484,0.003881525410821096
874,2020-06-24,25.76681137084961,-0.04042192020031965
875,2020-06-25,26.370868682861328,0.023443231035373602
876,2020-06-26,26.32367706298828,-0.0017895360384436731
877,2020-06-29,26.616270065307617,0.01111520254633147
878,2020-06-30,26.276485443115234,-0.012766049538821989
879,2020-07-01,26.55019760131836,0.01041661978713515
880,2020-07-02,26.5124454498291,-0.0014219160269972608
881,2020-07-06,25.7762508392334,-0.027767887801555036
882,2020-07-07,25.049495697021484,-0.028194757520971114
883,2020-07-08,24.54926109313965,-0.01996984729482265
884,2020-07-09,24.945674896240234,0.01614768776936293
885,2020-07-10,25.65355491638184,0.02837686384858218
886,2020-07-13,25.115568161010746,-0.020971236038228258
887,2020-07-14,24.8890438079834,-0.009019280454861556
888,2020-07-15,25.266582489013672,0.015168870445283034
889,2020-07-16,24.78522109985352,-0.019051305785792616
890,2020-07-17,24.8890438079834,0.004188895782353708
891,2020-07-20,23.69036865234375,-0.04816075558737065
892,2020-07-21,24.24723243713379,0.023505914701540398
893,2020-07-22,24.719152450561523,0.019462840332449938
894,2020-07-23,24.7097110748291,-0.0003819457706449869
895,2020-07-24,24.13397026062012,-0.023300183982946976
896,2020-07-27,24.27554702758789,0.005866285797110793
897,2020-07-28,25.33264923095703,0.04354596838406155
898,2020-07-29,25.483661651611328,0.005961177580659616
899,2020-07-30,24.851289749145508,-0.024814797461644833
900,2020-07-31,25.483661651611328,0.025446240772576623
901,2020-08-03,25.162755966186523,-0.012592605011474634
902,2020-08-04,25.76681137084961,0.02400593184128197
903,2020-08-05,25.474220275878903,-0.011355347418024686
904,2020-08-06,25.596921920776367,0.004816698747543091
905,2020-08-07,25.795127868652344,0.00774335087982192
906,2020-08-10,26.25761032104492,0.017929062214675273
907,2020-08-11,26.276485443115234,0.0007188438642944384
908,2020-08-12,26.106595993041992,-0.00646545560444256
909,2020-08-13,25.804567337036133,-0.011569055425163732
910,2020-08-14,25.63467597961425,-0.006583770818666124
911,2020-08-17,25.3609619140625,-0.010677492696588797
912,2020-08-18,24.69083595275879,-0.026423523034121543
913,2020-08-19,23.86969757080078,-0.03325680764835581
914,2020-08-20,24.16228485107422,0.012257686944109114
915,2020-08-21,23.586545944213867,-0.02382799931417723
916,2020-08-24,24.32274055480957,0.031212480722566438
917,2020-08-25,24.17172241210937,-0.006208927910894335
918,2020-08-26,23.888572692871094,-0.011714089480707734
919,2020-08-27,24.39824676513672,0.021335476121506547
920,2020-08-28,24.27554702758789,-0.005029039124407775
921,2020-08-31,24.11509323120117,-0.006609688185579277
922,2020-09-01,24.030149459838867,-0.003522431804343862
923,2020-09-02,24.31329917907715,0.011783102710680282
924,2020-09-03,24.577577590942383,0.010869705913570948
925,2020-09-04,24.681396484375,0.0042241304314254435
926,2020-09-08,24.464317321777344,-0.008795254463623281
927,2020-09-09,24.111692428588867,-0.014413845624646981
928,2020-09-10,23.959203720092773,-0.006324264003769842
929,2020-09-11,23.501752853393555,-0.019092907762856437
930,2020-09-14,24.28323745727539,0.03325218373101024
931,2020-09-15,24.445253372192383,0.006671924005275054
932,2020-09-16,25.102846145629883,0.02690063234057294
933,2020-09-17,24.797876358032227,-0.012148813159608474
934,2020-09-18,23.978269577026367,-0.033051490747528556
935,2020-09-21,22.41529655456543,-0.06518289476395012
936,2020-09-22,22.68214607238769,0.01190479533352029
937,2020-09-23,21.94831275939941,-0.03235290481977893
938,2020-09-24,22.034086227416992,0.003907975476650227
939,2020-09-25,22.29140281677246,0.011678114839874354
940,2020-09-28,23.330209732055664,0.0466012356342862
941,2020-09-29,22.85369110107422,-0.02042496130357152
942,2020-09-30,22.95852279663086,0.00458707939531533
943,2020-10-01,23.635177612304688,0.029472924789966326
944,2020-10-02,24.254648208618164,0.02620968653059652
945,2020-10-05,24.42619132995605,0.0070725874835377844
946,2020-10-06,24.216527938842773,-0.008583548220067683
947,2020-10-07,23.54940223693848,-0.027548362985357566
948,2020-10-08,24.569149017333984,0.043302448619947365
949,2020-10-09,24.940832138061523,0.015128042101308026
950,2020-10-12,24.931299209594727,-0.00038222174841751055
951,2020-10-13,23.8543758392334,-0.04319563779279012
952,2020-10-14,23.215845108032227,-0.026767865799740553
953,2020-10-15,23.44457244873047,0.00985220824974875
954,2020-10-16,23.02523803710937,-0.01788620426062859
955,2020-10-19,22.49154090881348,-0.023178788746320067
956,2020-10-20,22.75838661193848,0.011864269513896852
957,2020-10-21,22.86322021484375,0.004606372353753718
958,2020-10-22,23.196781158447266,0.014589412185556982
959,2020-10-23,23.22537612915039,0.001232712871143793
960,2020-10-26,22.56778335571289,-0.028313546776628895
961,2020-10-27,21.34790229797364,-0.054054092885929994
962,2020-10-28,20.032718658447266,-0.06160716032746749
963,2020-10-29,20.19473457336425,0.008087565031951627
964,2020-10-30,19.946945190429688,-0.012269999490925887
965,2020-11-02,20.270977020263672,0.016244684423630584
966,2020-11-03,20.938098907470703,0.032910198977589955
967,2020-11-04,20.47111320495605,-0.022303156775519417
968,2020-11-05,20.747493743896484,0.013501001932494816
969,2020-11-06,19.975536346435547,-0.03720726016307552
970,2020-11-09,23.949676513671875,0.1989503609972143
971,2020-11-10,25.53171157836914,0.06605663603824241
972,2020-11-11,24.64538955688477,-0.034714555613078346
973,2020-11-12,23.9877986907959,-0.02668210476328914
974,2020-11-13,25.35063362121582,0.05681367215003519
975,2020-11-16,26.90407371520996,0.06127815648339752
976,2020-11-17,27.81898498535156,0.0340064214745428
977,2020-11-18,26.85642433166504,-0.03460085456724493
978,2020-11-19,27.57119941711425,0.026614677986244617
979,2020-11-20,27.19951629638672,-0.01348084699198171
980,2020-11-23,28.838727951049805,0.06026620608987976
981,2020-11-24,29.9061222076416,0.03701252906867336
982,2020-11-25,29.05792808532715,-0.028361889128431517
983,2020-11-27,28.76248550415039,-0.010167365694801256
984,2020-11-30,27.342472076416016,-0.04937033093087417
985,2020-12-01,27.71415138244629,0.013593478489856814
986,2020-12-02,28.276439666748047,0.020288850866922115
987,2020-12-03,29.0007438659668,0.025615113067806172
988,2020-12-04,29.62021446228028,0.02136050713652371
989,2020-12-07,28.648122787475582,-0.03281852250065931
990,2020-12-08,28.19066619873047,-0.01596811742740456
991,2020-12-09,28.277172088623047,0.0030686004113118504
992,2020-12-10,28.28678321838379,0.00033989006151746715
993,2020-12-11,27.835039138793945,-0.01597014676791708
994,2020-12-14,27.61397171020508,-0.007942055604324927
995,2020-12-15,28.55590438842773,0.03411072800782744
996,2020-12-16,28.181053161621094,-0.013126925405960721
997,2020-12-17,28.421342849731445,0.008526639750908727
998,2020-12-18,27.210289001464844,-0.04261071880627365
999,2020-12-21,26.777772903442383,-0.015895314379026915
1000,2020-12-22,27.008447647094727,0.008614411082061624
1001,2020-12-23,27.01805877685547,0.00035585643004454326
1002,2020-12-24,27.34485244750977,0.012095379366568126
1003,2020-12-28,27.796592712402344,0.01652012077080034
1004,2020-12-29,27.23912239074707,-0.02005534733782466
1005,2020-12-30,27.25834846496582,0.0007058257583687499
1006,2020-12-31,27.758146286010746,0.018335587047296542
1007,2021-01-04,26.326026916503903,-0.051592759644349395
1008,2021-01-05,26.566314697265625,0.009127384907864133
1009,2021-01-06,27.604360580444336,0.039073762959133784
1010,2021-01-07,27.085338592529297,-0.018802173895769547
1011,2021-01-08,27.1237850189209,0.0014194552621249468
1012,2021-01-11,26.78738212585449,-0.012402505506946881
1013,2021-01-12,27.06611633300781,0.01040542916227305
1014,2021-01-13,27.364070892333984,0.01100839720262381
1015,2021-01-14,27.7869815826416,0.015454962529938943
1016,2021-01-15,27.815814971923828,0.0010376581996311973
1017,2021-01-19,28.132997512817383,0.01140295695861182
1018,2021-01-20,28.776973724365234,0.022890422936783006
1019,2021-01-21,27.94076538085937,-0.029058244675598144
1020,2021-01-22,27.854263305664062,-0.0030959092929704335
1021,2021-01-25,27.49863624572754,-0.012767419336637387
1022,2021-01-26,27.575529098510746,0.00279624240620846
1023,2021-01-27,27.027671813964844,-0.01986751668802933
1024,2021-01-28,27.39290809631348,0.013513420055660363
1025,2021-01-29,26.556703567504883,-0.030526314543476096
1026,2021-02-01,27.03727912902832,0.01809620536305845
1027,2021-02-02,26.806604385375977,-0.008531729193293036
1028,2021-02-03,27.094951629638672,0.010756574764836602
1029,2021-02-04,27.4121322631836,0.011706263140103701
1030,2021-02-05,27.69086456298828,0.01016820935812568
1031,2021-02-08,28.10416412353516,0.014925484164885816
1032,2021-02-09,28.12338638305664,0.0006839648187715319
1033,2021-02-10,28.3732852935791,0.008885804402026576
1034,2021-02-11,29.12298393249512,0.026422694134953684
1035,2021-02-12,28.91153335571289,-0.007260608228619625
1036,2021-02-16,28.05610466003418,-0.02958780100501579
1037,2021-02-17,28.06571578979492,0.00034256821740585863
1038,2021-02-18,28.12338638305664,0.002054841347844505
1039,2021-02-19,28.16183280944824,0.0013670624820190103
1040,2021-02-22,29.26716041564941,0.03924913600901481
1041,2021-02-23,30.39171028137207,0.03842360686010915
1042,2021-02-24,31.410533905029297,0.033523076333143775
1043,2021-02-25,31.42014503479004,0.00030598428507455644
1044,2021-02-26,29.87268829345703,-0.04925046461814808
1045,2021-03-01,30.73772621154785,0.028957484830057556
1046,2021-03-02,31.15102195739746,0.013445878950354428
1047,2021-03-03,32.58314514160156,0.04597355381029522
1048,2021-03-04,32.50625228881836,-0.0023598965799354055
1049,2021-03-05,33.25594711303711,0.023063096217850854
1050,2021-03-08,34.870689392089844,0.0485549929931095
1051,2021-03-09,34.21710205078125,-0.018743172351988413
1052,2021-03-10,33.752098083496094,-0.013589811509900795
1053,2021-03-11,33.626155853271484,-0.0037313896728153884
1054,2021-03-12,34.38180160522461,0.02247196364789361
1055,2021-03-15,34.50773620605469,0.003662827279270253
1056,2021-03-16,33.20957946777344,-0.03761929587410828
1057,2021-03-17,33.88772201538086,0.02042008837436482
1058,2021-03-18,33.742408752441406,-0.004288079997631589
1059,2021-03-19,32.696128845214844,-0.031007860609561844
1060,2021-03-22,31.940486907958984,-0.02311105210140041
1061,2021-03-23,31.51422691345215,-0.013345444474129775
1062,2021-03-24,31.33015823364257,-0.005840812161284736
1063,2021-03-25,31.79517364501953,0.014842421410997675
1064,2021-03-26,32.36674880981445,0.017976790162441914
1065,2021-03-29,31.456100463867188,-0.028135304886449775
1066,2021-03-30,31.940486907958984,0.015398807765387268
1067,2021-03-31,31.42703628540039,-0.016075228409578535
1068,2021-04-01,31.988927841186523,0.017879241003936563
1069,2021-04-05,31.485164642333984,-0.015748048867206266
1070,2021-04-06,31.988927841186523,0.016000017931467214
1071,2021-04-07,31.998611450195312,0.00030271752329014134
1072,2021-04-08,31.911426544189453,-0.002724646541040099
1073,2021-04-09,32.1148681640625,0.006375196658517712
1074,2021-04-12,32.17298889160156,0.0018097763080373586
1075,2021-04-13,32.40549850463867,0.007226857716592372
1076,2021-04-14,32.34737014770508,-0.0017937806735258688
1077,2021-04-15,32.92863845825195,0.01796956933106708
1078,2021-04-16,32.550811767578125,-0.01147410607799193
1079,2021-04-19,32.58956527709961,0.001190554318527992
1080,2021-04-20,32.58956527709961,0.0
1081,2021-04-21,32.802696228027344,0.006539852529960033
1082,2021-04-22,32.676753997802734,-0.0038393865354581225
1083,2021-04-23,33.26770782470703,0.018084838749406806
1084,2021-04-26,33.42271423339844,0.004659365457583053
1085,2021-04-27,33.52928161621094,0.003188471829915329
1086,2021-04-28,33.60677719116211,0.002311280505148172
1087,2021-04-29,34.35273361206055,0.022196606852697753
1088,2021-04-30,33.955535888671875,-0.01156233235684112
1089,2021-05-03,34.07179260253906,0.0034237926401265995
1090,2021-05-04,33.6939697265625,-0.011089022534975346
1091,2021-05-05,32.7058219909668,-0.02932713905826001
1092,2021-05-06,33.77146911621094,0.03258279597860181
1093,2021-05-07,34.12991714477539,0.010613930573496688
1094,2021-05-10,33.81991195678711,-0.009083092310868346
1095,2021-05-11,33.16114044189453,-0.01947880632375132
1096,2021-05-12,32.35706329345703,-0.024247572240358117
1097,2021-05-13,33.461463928222656,0.034131670873510656
1098,2021-05-14,33.87803649902344,0.01244932294935941
1099,2021-05-17,34.304298400878906,0.012582249324507133
1100,2021-05-18,34.09116744995117,-0.0062129517542406365
1101,2021-05-19,33.936161041259766,-0.004546820196726031
1102,2021-05-20,33.76178741455078,-0.005138283805789956
1103,2021-05-21,33.87803649902344,0.003443214751792212
1104,2021-05-24,34.62398910522461,0.022018767416543517
1105,2021-05-25,34.042728424072266,-0.016787802219607184
1106,2021-05-26,34.536808013916016,0.014513513243973097
1107,2021-05-27,34.875877380371094,0.009817623166520129
1108,2021-05-28,35.40869903564453,0.015277655941448032
1109,2021-06-01,36.64873123168945,0.03502055228848233
1110,2021-06-02,37.20093536376953,0.015067482925646303
1111,2021-06-03,36.95873641967773,-0.006510560600787585
1112,2021-06-04,36.86185836791992,-0.0026212490237146335
1113,2021-06-07,37.19124221801758,0.008935627900526821
1114,2021-06-08,37.3849983215332,0.005209723901659746
1115,2021-06-09,37.63872146606445,0.006786763566206
1116,2021-06-10,37.43379592895508,-0.005444540333128467
1117,2021-06-11,37.82413482666016,0.010427446322726741
1118,2021-06-14,37.8924446105957,0.0018059840429553997
1119,2021-06-15,37.570411682128906,-0.008498605243767998
1120,2021-06-16,37.32645034790039,-0.006493443199201421
1121,2021-06-17,36.97513961791992,-0.00941184405980433
1122,2021-06-18,36.06759643554688,-0.02454468574699309
1123,2021-06-21,36.96538543701172,0.02489184448620496
1124,2021-06-22,36.653114318847656,-0.00844766298179589
1125,2021-06-23,36.63359069824219,-0.0005326592560629395
1126,2021-06-24,36.47745895385742,-0.004261983098267752
1127,2021-06-25,36.60431289672852,0.003477598125230408
1128,2021-06-28,36.057838439941406,-0.014929236845092064
1129,2021-06-29,36.26276779174805,0.005683350990325575
1130,2021-06-30,36.38962936401367,0.003498397391897168
1131,2021-07-01,36.692142486572266,0.008313168555043271
1132,2021-07-02,36.55552291870117,-0.003723401213791
1133,2021-07-06,36.55552291870117,0.0
1134,2021-07-07,36.04808044433594,-0.013881417467171198
1135,2021-07-08,35.70652770996094,-0.009474921553795701
1136,2021-07-09,36.87755584716797,0.032795911904935915
1137,2021-07-12,37.12152099609375,0.006615545507865139
1138,2021-07-13,36.057838439941406,-0.02865406717209329
1139,2021-07-14,36.35059356689453,0.008119042616510308
1140,2021-07-15,36.30180358886719,-0.0013422058139864745
1141,2021-07-16,36.106632232666016,-0.00537635425533034
1142,2021-07-19,34.145164489746094,-0.05432430613524131
1143,2021-07-20,35.79435348510742,0.048299342527888145
1144,2021-07-21,36.5164909362793,0.020174619202783628
1145,2021-07-22,35.813873291015625,-0.019241105244469647
1146,2021-07-23,35.68701171875,-0.0035422466381889173
1147,2021-07-26,35.80411529541016,0.003281406064006065
1148,2021-07-27,35.96025085449219,0.00436082717849029
1149,2021-07-28,36.25300979614258,0.00814118185201207
1150,2021-07-29,36.321319580078125,0.001884251385461999
1151,2021-07-30,36.03832244873047,-0.007791488156803528
1152,2021-08-02,35.93098068237305,-0.0029785450338353225
1153,2021-08-03,36.028560638427734,0.0027157610007164656
1154,2021-08-04,35.38449478149414,-0.017876535879333466
1155,2021-08-05,36.692142486572266,0.036955387187328714
1156,2021-08-06,37.0141716003418,0.008776514314675854
1157,2021-08-09,36.662864685058594,-0.009491146231135894
1158,2021-08-10,36.76044845581055,0.0026616515536965757
1159,2021-08-11,37.22886276245117,0.012742344729654187
1160,2021-08-12,37.34596633911133,0.003145505072431831
1161,2021-08-13,37.31669235229492,-0.0007838594013230837
1162,2021-08-16,37.18007278442383,-0.0036610846047476775
1163,2021-08-17,36.88731384277344,-0.007874081994079352
1164,2021-08-18,36.72141647338867,-0.004497409870826585
1165,2021-08-19,36.662864685058594,-0.001594486105199966
